{"textures":{"0":"modelengine:entity/fx_arctic_charge"},"elements":[{"from":[3.838223,3.4559999,-12.251865],"to":[3.838223,12.544001,1.2121353],"faces":{"east":{"uv":[7.375,5.25,0.0,10.75],"tintindex":0,"rotation":0,"texture":"#0"},"south":{"uv":[1.875,0.875,3.875,2.625],"tintindex":0,"rotation":0,"texture":"#0"},"north":{"uv":[1.875,0.875,3.875,2.625],"tintindex":0,"rotation":0,"texture":"#0"},"west":{"uv":[0.0,5.25,7.375,10.75],"tintindex":0,"rotation":0,"texture":"#0"},"up":{"uv":[1.875,0.875,3.875,2.625],"tintindex":0,"rotation":0,"texture":"#0"},"down":{"uv":[1.875,0.875,3.875,2.625],"tintindex":0,"rotation":0,"texture":"#0"}},"rotation":{"origin":[6.147634,8.0,-0.144454],"angle":-22.5,"axis":"y"}},{"from":[9.878388,3.4559999,6.566607],"to":[9.878388,12.544001,14.230607],"faces":{"east":{"uv":[16.0,5.25,10.75,10.75],"tintindex":0,"rotation":0,"texture":"#0"},"south":{"uv":[3.875,0.875,1.875,2.625],"tintindex":0,"rotation":0,"texture":"#0"},"north":{"uv":[3.875,0.875,1.875,2.625],"tintindex":0,"rotation":0,"texture":"#0"},"west":{"uv":[10.75,5.25,16.0,10.75],"tintindex":0,"rotation":0,"texture":"#0"},"up":{"uv":[3.875,0.875,1.875,2.625],"tintindex":0,"rotation":0,"texture":"#0"},"down":{"uv":[3.875,0.875,1.875,2.625],"tintindex":0,"rotation":0,"texture":"#0"}}},{"from":[12.31485,3.4559999,-0.73149204],"to":[12.31485,12.544001,6.1325083],"faces":{"east":{"uv":[10.5,5.25,7.5,10.75],"tintindex":0,"rotation":0,"texture":"#0"},"south":{"uv":[3.875,0.875,1.875,2.625],"tintindex":0,"rotation":0,"texture":"#0"},"north":{"uv":[3.875,0.875,1.875,2.625],"tintindex":0,"rotation":0,"texture":"#0"},"west":{"uv":[7.5,5.25,10.5,10.75],"tintindex":0,"rotation":0,"texture":"#0"},"up":{"uv":[3.875,0.875,1.875,2.625],"tintindex":0,"rotation":0,"texture":"#0"},"down":{"uv":[3.875,0.875,1.875,2.625],"tintindex":0,"rotation":0,"texture":"#0"}},"rotation":{"origin":[10.00544,8.0,0.22509766],"angle":-22.5,"axis":"y"}},{"from":[12.1617775,3.4559999,-12.251865],"to":[12.1617775,12.544001,1.2121353],"faces":{"east":{"uv":[7.375,5.25,0.0,10.75],"tintindex":0,"rotation":0,"texture":"#0"},"south":{"uv":[3.875,0.875,1.875,2.625],"tintindex":0,"rotation":0,"texture":"#0"},"north":{"uv":[3.875,0.875,1.875,2.625],"tintindex":0,"rotation":0,"texture":"#0"},"west":{"uv":[0.0,5.25,7.375,10.75],"tintindex":0,"rotation":0,"texture":"#0"},"up":{"uv":[3.875,0.875,1.875,2.625],"tintindex":0,"rotation":0,"texture":"#0"},"down":{"uv":[3.875,0.875,1.875,2.625],"tintindex":0,"rotation":0,"texture":"#0"}},"rotation":{"origin":[9.8523655,8.0,-0.144454],"angle":22.5,"axis":"y"}},{"from":[3.6851497,3.4559999,-0.73149204],"to":[3.6851497,12.544001,6.1325083],"faces":{"east":{"uv":[10.5,5.25,7.5,10.75],"tintindex":0,"rotation":0,"texture":"#0"},"south":{"uv":[1.875,0.875,3.875,2.625],"tintindex":0,"rotation":0,"texture":"#0"},"north":{"uv":[1.875,0.875,3.875,2.625],"tintindex":0,"rotation":0,"texture":"#0"},"west":{"uv":[7.5,5.25,10.5,10.75],"tintindex":0,"rotation":0,"texture":"#0"},"up":{"uv":[1.875,0.875,3.875,2.625],"tintindex":0,"rotation":0,"texture":"#0"},"down":{"uv":[1.875,0.875,3.875,2.625],"tintindex":0,"rotation":0,"texture":"#0"}},"rotation":{"origin":[5.9945602,8.0,0.22509766],"angle":22.5,"axis":"y"}},{"from":[6.1216116,3.4559999,6.566607],"to":[6.1216116,12.544001,14.230607],"faces":{"east":{"uv":[16.0,5.25,10.75,10.75],"tintindex":0,"rotation":0,"texture":"#0"},"south":{"uv":[1.875,0.875,3.875,2.625],"tintindex":0,"rotation":0,"texture":"#0"},"north":{"uv":[1.875,0.875,3.875,2.625],"tintindex":0,"rotation":0,"texture":"#0"},"west":{"uv":[10.75,5.25,16.0,10.75],"tintindex":0,"rotation":0,"texture":"#0"},"up":{"uv":[1.875,0.875,3.875,2.625],"tintindex":0,"rotation":0,"texture":"#0"},"down":{"uv":[1.875,0.875,3.875,2.625],"tintindex":0,"rotation":0,"texture":"#0"}}}],"display":{"gui":{"rotation":[30,225,0]}}}